run,task,labels,model,accuracy,macro_f1,auc
outputs_4gen_10pct_best,binary_ai_vs_nature,ai|nature,lightgbm,0.895625,0.8956021584410027,0.9620213541666668
outputs_4gen_10pct_best,ai_subsource_attribution,ADM|BigGAN|VQDM|glide,lightgbm,0.8895833333333333,0.8893082523450415,
outputs_4gen_10pct_best_seed123,binary_ai_vs_nature,ai|nature,lightgbm,0.895,0.894991176341901,0.9600230902777778
outputs_4gen_10pct_best_seed123,ai_subsource_attribution,ADM|BigGAN|VQDM|glide,lightgbm,0.8870833333333333,0.8861169184545257,
outputs_4gen_10pct_best_seed2026,binary_ai_vs_nature,ai|nature,lightgbm,0.891875,0.8918361239124184,0.961778125
outputs_4gen_10pct_best_seed2026,ai_subsource_attribution,ADM|BigGAN|VQDM|glide,lightgbm,0.89375,0.8931673571141301,
outputs_4gen_10pct_enhanced_large,binary_ai_vs_nature,ai|nature,lightgbm,0.89625,0.8962239839293045,0.9614557291666666
outputs_4gen_10pct_enhanced_large,ai_subsource_attribution,ADM|BigGAN|VQDM|glide,lightgbm,0.8879166666666667,0.8875620837030835,
outputs_4gen_10pct_enhanced_regularized,binary_ai_vs_nature,ai|nature,lightgbm,0.896875,0.8968484554901303,0.962092534722222
outputs_4gen_10pct_enhanced_regularized,ai_subsource_attribution,ADM|BigGAN|VQDM|glide,lightgbm,0.8866666666666667,0.8863481390274777,
outputs_4gen_10pct_enhanced_wide,binary_ai_vs_nature,ai|nature,lightgbm,0.9014583333333334,0.9014391302194252,0.9638649305555556
outputs_4gen_10pct_enhanced_wide,ai_subsource_attribution,ADM|BigGAN|VQDM|glide,lightgbm,0.8904166666666666,0.8901693021392978,
outputs_4gen_1pct,binary_ai_vs_nature,ai|nature,lightgbm,0.8729166666666667,0.8728896336460445,0.94359375
outputs_4gen_1pct,binary_ai_vs_nature,ai|nature,random_forest,0.8708333333333333,0.870752553679383,0.9353993055555556
outputs_4gen_1pct,binary_ai_vs_nature,ai|nature,logreg,0.8583333333333333,0.8581338340374485,0.9278819444444444
outputs_4gen_1pct,ai_subsource_attribution,ADM|BigGAN|VQDM|glide,lightgbm,0.8833333333333333,0.8799095946340041,
outputs_4gen_1pct,ai_subsource_attribution,ADM|BigGAN|VQDM|glide,logreg,0.8333333333333334,0.8306907665505225,
outputs_4gen_1pct,ai_subsource_attribution,ADM|BigGAN|VQDM|glide,random_forest,0.825,0.8212896050826011,
outputs_4gen_1pct_robust,binary_ai_vs_nature,ai|nature,lightgbm,0.8729166666666667,0.8728896336460445,0.94359375
outputs_4gen_1pct_robust,binary_ai_vs_nature,ai|nature,random_forest,0.8708333333333333,0.870752553679383,0.9353993055555556
outputs_4gen_1pct_robust,binary_ai_vs_nature,ai|nature,logreg,0.8583333333333333,0.8581338340374485,0.9278819444444444
outputs_4gen_1pct_robust,ai_subsource_attribution,ADM|BigGAN|VQDM|glide,lightgbm,0.8833333333333333,0.8799095946340041,
outputs_4gen_1pct_robust,ai_subsource_attribution,ADM|BigGAN|VQDM|glide,logreg,0.8333333333333334,0.8306907665505225,
outputs_4gen_1pct_robust,ai_subsource_attribution,ADM|BigGAN|VQDM|glide,random_forest,0.825,0.8212896050826011,
outputs_4gen_20pct_best,binary_ai_vs_nature,ai|nature,lightgbm,0.8980208333333334,0.8979962610133545,0.9633293836805557
outputs_4gen_20pct_best,ai_subsource_attribution,ADM|BigGAN|VQDM|glide,lightgbm,0.903125,0.902671231044436,
outputs_4gen_20pct_fusion_mild_aug,binary_ai_vs_nature,ai|nature,lightgbm,0.9841666666666666,0.9841656213502636,0.9986385850694444
outputs_4gen_20pct_fusion_mild_aug,ai_subsource_attribution,ADM|BigGAN|VQDM|glide,lightgbm,0.9945833333333334,0.9945759507058208,
outputs_4gen_20pct_fusion_robust_aug,binary_ai_vs_nature,ai|nature,lightgbm,0.980625,0.9806225475411732,0.9980674479166668
outputs_4gen_20pct_fusion_robust_aug,ai_subsource_attribution,ADM|BigGAN|VQDM|glide,lightgbm,0.9879166666666668,0.9879248197630016,
outputs_4gen_20pct_stable_freq,binary_ai_vs_nature,ai|nature,lightgbm,0.890625,0.8905961105354383,0.9572101996527778
outputs_4gen_20pct_stable_freq,ai_subsource_attribution,ADM|BigGAN|VQDM|glide,lightgbm,0.8966666666666666,0.8963717736733525,
outputs_4gen_50pct_best,binary_ai_vs_nature,ai|nature,lightgbm,0.89925,0.8992366740501432,0.9634945416666666
outputs_4gen_50pct_best,ai_subsource_attribution,ADM|BigGAN|VQDM|glide,lightgbm,0.9045833333333332,0.9042502268230116,
outputs_4gen_5pct,binary_ai_vs_nature,ai|nature,lightgbm,0.8795833333333334,0.8795657490963524,0.9564506944444444
outputs_4gen_5pct,binary_ai_vs_nature,ai|nature,random_forest,0.8708333333333333,0.8707899043845293,0.9473430555555556
outputs_4gen_5pct,binary_ai_vs_nature,ai|nature,logreg,0.8691666666666666,0.8691185859249683,0.9328
outputs_4gen_5pct,ai_subsource_attribution,ADM|BigGAN|VQDM|glide,lightgbm,0.8791666666666667,0.8781396179492571,
outputs_4gen_5pct,ai_subsource_attribution,ADM|BigGAN|VQDM|glide,random_forest,0.8633333333333333,0.8622363873094578,
outputs_4gen_5pct,ai_subsource_attribution,ADM|BigGAN|VQDM|glide,logreg,0.8358333333333333,0.8330936194248677,
outputs_4gen_5pct_ablation_band_slope,binary_ai_vs_nature,ai|nature,lightgbm,0.82375,0.8234495884403306,0.9010638888888888
outputs_4gen_5pct_ablation_band_slope,binary_ai_vs_nature,ai|nature,random_forest,0.8204166666666667,0.8202316238364107,0.8930774305555556
outputs_4gen_5pct_ablation_band_slope,binary_ai_vs_nature,ai|nature,logreg,0.7845833333333333,0.781717427157779,0.8552173611111111
outputs_4gen_5pct_ablation_band_slope,ai_subsource_attribution,ADM|BigGAN|VQDM|glide,lightgbm,0.815,0.8107226339642761,
outputs_4gen_5pct_ablation_band_slope,ai_subsource_attribution,ADM|BigGAN|VQDM|glide,random_forest,0.805,0.8007353259751828,
outputs_4gen_5pct_ablation_band_slope,ai_subsource_attribution,ADM|BigGAN|VQDM|glide,logreg,0.7758333333333334,0.7697705387126315,
outputs_4gen_5pct_ablation_dct_radial,binary_ai_vs_nature,ai|nature,lightgbm,0.7945833333333333,0.7932182506914134,0.8830847222222222
outputs_4gen_5pct_ablation_dct_radial,binary_ai_vs_nature,ai|nature,random_forest,0.7920833333333334,0.7906146916942953,0.8832145833333334
outputs_4gen_5pct_ablation_dct_radial,binary_ai_vs_nature,ai|nature,logreg,0.78875,0.7881936774559428,0.8646798611111111
outputs_4gen_5pct_ablation_dct_radial,ai_subsource_attribution,ADM|BigGAN|VQDM|glide,lightgbm,0.6958333333333333,0.6916679110736088,
outputs_4gen_5pct_ablation_dct_radial,ai_subsource_attribution,ADM|BigGAN|VQDM|glide,random_forest,0.67,0.6636734455270058,
outputs_4gen_5pct_ablation_dct_radial,ai_subsource_attribution,ADM|BigGAN|VQDM|glide,logreg,0.6383333333333333,0.6320640005251323,
outputs_4gen_5pct_ablation_fft_angular,binary_ai_vs_nature,ai|nature,random_forest,0.7966666666666666,0.794472085266007,0.8655416666666667
outputs_4gen_5pct_ablation_fft_angular,binary_ai_vs_nature,ai|nature,lightgbm,0.7941666666666667,0.7918720560850039,0.8673180555555555
outputs_4gen_5pct_ablation_fft_angular,binary_ai_vs_nature,ai|nature,logreg,0.7766666666666666,0.7757190797787318,0.8531
outputs_4gen_5pct_ablation_fft_angular,ai_subsource_attribution,ADM|BigGAN|VQDM|glide,lightgbm,0.7366666666666667,0.7306069237392844,
outputs_4gen_5pct_ablation_fft_angular,ai_subsource_attribution,ADM|BigGAN|VQDM|glide,random_forest,0.735,0.727854778348135,
outputs_4gen_5pct_ablation_fft_angular,ai_subsource_attribution,ADM|BigGAN|VQDM|glide,logreg,0.6566666666666666,0.6398964971045622,
outputs_4gen_5pct_ablation_fft_radial,binary_ai_vs_nature,ai|nature,lightgbm,0.87625,0.8762236760422139,0.9466833333333332
outputs_4gen_5pct_ablation_fft_radial,binary_ai_vs_nature,ai|nature,random_forest,0.8604166666666667,0.860294400012233,0.940928125
outputs_4gen_5pct_ablation_fft_radial,binary_ai_vs_nature,ai|nature,logreg,0.84,0.8397541784584825,0.91413125
outputs_4gen_5pct_ablation_fft_radial,ai_subsource_attribution,ADM|BigGAN|VQDM|glide,random_forest,0.8583333333333333,0.8576928100855825,
outputs_4gen_5pct_ablation_fft_radial,ai_subsource_attribution,ADM|BigGAN|VQDM|glide,lightgbm,0.8575,0.8567828899473577,
outputs_4gen_5pct_ablation_fft_radial,ai_subsource_attribution,ADM|BigGAN|VQDM|glide,logreg,0.8058333333333333,0.8023228231952874,
outputs_4gen_5pct_ablation_high_freq_all,binary_ai_vs_nature,ai|nature,lightgbm,0.8104166666666667,0.8094719319179704,0.8876673611111112
outputs_4gen_5pct_ablation_high_freq_all,binary_ai_vs_nature,ai|nature,random_forest,0.805,0.8040397949954778,0.8827593749999999
outputs_4gen_5pct_ablation_high_freq_all,binary_ai_vs_nature,ai|nature,logreg,0.7841666666666667,0.7811014793257813,0.8415854166666668
outputs_4gen_5pct_ablation_high_freq_all,ai_subsource_attribution,ADM|BigGAN|VQDM|glide,lightgbm,0.7808333333333334,0.7750315669946074,
outputs_4gen_5pct_ablation_high_freq_all,ai_subsource_attribution,ADM|BigGAN|VQDM|glide,random_forest,0.7691666666666667,0.763690378301801,
outputs_4gen_5pct_ablation_high_freq_all,ai_subsource_attribution,ADM|BigGAN|VQDM|glide,logreg,0.7258333333333333,0.7141400647643301,
outputs_4gen_5pct_ablation_high_freq_stats,binary_ai_vs_nature,ai|nature,lightgbm,0.8116666666666666,0.8106715087847163,0.8873534722222223
outputs_4gen_5pct_ablation_high_freq_stats,binary_ai_vs_nature,ai|nature,random_forest,0.79875,0.7982025894897182,0.8764201388888889
outputs_4gen_5pct_ablation_high_freq_stats,binary_ai_vs_nature,ai|nature,logreg,0.7825,0.7802658838931105,0.8321569444444444
outputs_4gen_5pct_ablation_high_freq_stats,ai_subsource_attribution,ADM|BigGAN|VQDM|glide,lightgbm,0.7616666666666667,0.755932719031319,
outputs_4gen_5pct_ablation_high_freq_stats,ai_subsource_attribution,ADM|BigGAN|VQDM|glide,random_forest,0.7491666666666666,0.7436510221704075,
outputs_4gen_5pct_ablation_high_freq_stats,ai_subsource_attribution,ADM|BigGAN|VQDM|glide,logreg,0.7208333333333333,0.7059675046241182,
outputs_4gen_5pct_ablation_no_dct,binary_ai_vs_nature,ai|nature,lightgbm,0.8791666666666667,0.8791524838678983,0.9541916666666668
outputs_4gen_5pct_ablation_no_dct,binary_ai_vs_nature,ai|nature,random_forest,0.8716666666666667,0.8716063930011588,0.9453409722222222
outputs_4gen_5pct_ablation_no_dct,binary_ai_vs_nature,ai|nature,logreg,0.8529166666666667,0.8527949925276779,0.9217430555555556
outputs_4gen_5pct_ablation_no_dct,ai_subsource_attribution,ADM|BigGAN|VQDM|glide,lightgbm,0.88,0.8792183710590001,
outputs_4gen_5pct_ablation_no_dct,ai_subsource_attribution,ADM|BigGAN|VQDM|glide,random_forest,0.8675,0.8663121382278789,
outputs_4gen_5pct_ablation_no_dct,ai_subsource_attribution,ADM|BigGAN|VQDM|glide,logreg,0.8325,0.8292372129653982,
outputs_4gen_5pct_ablation_patch_high_freq,binary_ai_vs_nature,ai|nature,lightgbm,0.7783333333333333,0.7727557494503992,0.8242069444444444
outputs_4gen_5pct_ablation_patch_high_freq,binary_ai_vs_nature,ai|nature,random_forest,0.77,0.7666396103896104,0.8117111111111113
outputs_4gen_5pct_ablation_patch_high_freq,binary_ai_vs_nature,ai|nature,logreg,0.7670833333333333,0.7655355012910752,0.8053645833333334
outputs_4gen_5pct_ablation_patch_high_freq,ai_subsource_attribution,ADM|BigGAN|VQDM|glide,lightgbm,0.5408333333333334,0.5316758572871106,
outputs_4gen_5pct_ablation_patch_high_freq,ai_subsource_attribution,ADM|BigGAN|VQDM|glide,logreg,0.5308333333333334,0.5269036682374224,
outputs_4gen_5pct_ablation_patch_high_freq,ai_subsource_attribution,ADM|BigGAN|VQDM|glide,random_forest,0.4958333333333333,0.4904438169348629,
outputs_4gen_5pct_seed123,binary_ai_vs_nature,ai|nature,lightgbm,0.9054166666666666,0.9053987811237229,0.9593673611111112
outputs_4gen_5pct_seed123,binary_ai_vs_nature,ai|nature,random_forest,0.8933333333333333,0.8932793059819867,0.9544020833333332
outputs_4gen_5pct_seed123,binary_ai_vs_nature,ai|nature,logreg,0.8766666666666667,0.87662134214583,0.9345118055555556
outputs_4gen_5pct_seed123,ai_subsource_attribution,ADM|BigGAN|VQDM|glide,lightgbm,0.8925,0.892102760141319,
outputs_4gen_5pct_seed123,ai_subsource_attribution,ADM|BigGAN|VQDM|glide,random_forest,0.8791666666666667,0.8782458586883028,
outputs_4gen_5pct_seed123,ai_subsource_attribution,ADM|BigGAN|VQDM|glide,logreg,0.8483333333333334,0.8466026876336397,
outputs_4gen_5pct_seed2026,binary_ai_vs_nature,ai|nature,lightgbm,0.8845833333333334,0.8844705115672857,0.9547486111111112
outputs_4gen_5pct_seed2026,binary_ai_vs_nature,ai|nature,random_forest,0.8725,0.8723283525628901,0.9470142361111112
outputs_4gen_5pct_seed2026,binary_ai_vs_nature,ai|nature,logreg,0.86375,0.8636437320682733,0.9357041666666668
outputs_4gen_5pct_seed2026,ai_subsource_attribution,ADM|BigGAN|VQDM|glide,lightgbm,0.8841666666666667,0.8840329166181361,
outputs_4gen_5pct_seed2026,ai_subsource_attribution,ADM|BigGAN|VQDM|glide,random_forest,0.8733333333333333,0.8728120849331005,
outputs_4gen_5pct_seed2026,ai_subsource_attribution,ADM|BigGAN|VQDM|glide,logreg,0.8658333333333333,0.864612176034908,
outputs_4gen_5pct_tune_baseline_all,binary_ai_vs_nature,ai|nature,lightgbm,0.8795833333333334,0.8795657490963524,0.9564506944444444
outputs_4gen_5pct_tune_baseline_all,ai_subsource_attribution,ADM|BigGAN|VQDM|glide,lightgbm,0.8791666666666667,0.8781396179492571,
outputs_4gen_5pct_tune_baseline_no_dct,binary_ai_vs_nature,ai|nature,lightgbm,0.8791666666666667,0.8791524838678983,0.9541958333333334
outputs_4gen_5pct_tune_baseline_no_dct,ai_subsource_attribution,ADM|BigGAN|VQDM|glide,lightgbm,0.8766666666666667,0.8758469834171987,
outputs_4gen_5pct_tune_large_all,binary_ai_vs_nature,ai|nature,lightgbm,0.8908333333333334,0.8908241595300717,0.9585548611111112
outputs_4gen_5pct_tune_large_all,ai_subsource_attribution,ADM|BigGAN|VQDM|glide,lightgbm,0.8758333333333334,0.8752788475904498,
outputs_4gen_5pct_tune_large_no_dct,binary_ai_vs_nature,ai|nature,lightgbm,0.885,0.8849865018880687,0.9559368055555556
outputs_4gen_5pct_tune_large_no_dct,ai_subsource_attribution,ADM|BigGAN|VQDM|glide,lightgbm,0.87,0.8692591891637045,
outputs_4gen_5pct_tune_regularized_all,binary_ai_vs_nature,ai|nature,lightgbm,0.8854166666666666,0.8854078932084904,0.958913888888889
outputs_4gen_5pct_tune_regularized_all,ai_subsource_attribution,ADM|BigGAN|VQDM|glide,lightgbm,0.8791666666666667,0.8783545538689547,
outputs_4gen_5pct_tune_regularized_no_dct,binary_ai_vs_nature,ai|nature,lightgbm,0.8866666666666667,0.8866382475051037,0.9553652777777778
outputs_4gen_5pct_tune_regularized_no_dct,ai_subsource_attribution,ADM|BigGAN|VQDM|glide,lightgbm,0.8766666666666667,0.8760543511433309,
outputs_4gen_5pct_tune_wide_all,binary_ai_vs_nature,ai|nature,lightgbm,0.8883333333333333,0.8883305415968732,0.9597631944444444
outputs_4gen_5pct_tune_wide_all,ai_subsource_attribution,ADM|BigGAN|VQDM|glide,lightgbm,0.8808333333333334,0.8797190826454865,
outputs_4gen_5pct_tune_wide_no_dct,binary_ai_vs_nature,ai|nature,lightgbm,0.88625,0.8862455564670495,0.9570875
outputs_4gen_5pct_tune_wide_no_dct,ai_subsource_attribution,ADM|BigGAN|VQDM|glide,lightgbm,0.8766666666666667,0.8757504679192817,
outputs_4gen_full_best,binary_ai_vs_nature,ai|nature,lightgbm,0.8997291666666667,0.899714775693452,0.9639623645833332
outputs_4gen_full_best,ai_subsource_attribution,ADM|BigGAN|VQDM|glide,lightgbm,0.9087916666666668,0.9085996400582268,
outputs_cache_smoke_write,binary_ai_vs_nature,ai|nature,lightgbm,0.5,0.3333333333333333,1.0
outputs_cache_smoke_write,binary_ai_vs_nature,ai|nature,random_forest,0.5,0.3333333333333333,1.0
outputs_cache_smoke_write,binary_ai_vs_nature,ai|nature,logreg,0.5,0.3333333333333333,1.0
outputs_cache_smoke_write,ai_subsource_attribution,ADM|BigGAN|VQDM|glide,logreg,0.75,0.6666666666666666,
outputs_cache_smoke_write,ai_subsource_attribution,ADM|BigGAN|VQDM|glide,random_forest,0.5,0.5,
outputs_cache_smoke_write,ai_subsource_attribution,ADM|BigGAN|VQDM|glide,lightgbm,0.25,0.1,
outputs_parallel_smoke_min,binary_ai_vs_nature,ai|nature,random_forest,0.75,0.7333333333333334,0.5
outputs_parallel_smoke_min,binary_ai_vs_nature,ai|nature,lightgbm,0.5,0.3333333333333333,0.5
outputs_parallel_smoke_min,binary_ai_vs_nature,ai|nature,logreg,0.5,0.3333333333333333,1.0
outputs_parallel_smoke_min,ai_subsource_attribution,ADM|BigGAN|VQDM|glide,random_forest,1.0,1.0,
outputs_parallel_smoke_min,ai_subsource_attribution,ADM|BigGAN|VQDM|glide,lightgbm,0.75,0.6666666666666666,
outputs_parallel_smoke_min,ai_subsource_attribution,ADM|BigGAN|VQDM|glide,logreg,0.75,0.6666666666666666,
outputs_smoke_4gen_min,binary_ai_vs_nature,ai|nature,lightgbm,0.9166666666666666,0.9165217391304348,0.9600694444444444
outputs_smoke_4gen_min,binary_ai_vs_nature,ai|nature,random_forest,0.875,0.875,0.9496527777777778
outputs_smoke_4gen_min,binary_ai_vs_nature,ai|nature,logreg,0.875,0.875,0.9444444444444444
outputs_smoke_4gen_min,ai_subsource_attribution,ADM|BigGAN|VQDM|glide,lightgbm,0.9166666666666666,0.9115384615384616,
outputs_smoke_4gen_min,ai_subsource_attribution,ADM|BigGAN|VQDM|glide,random_forest,0.7916666666666666,0.7922077922077922,
outputs_smoke_4gen_min,ai_subsource_attribution,ADM|BigGAN|VQDM|glide,logreg,0.7916666666666666,0.7704517704517704,
outputs_smoke_enhanced_min,binary_ai_vs_nature,ai|nature,lightgbm,0.9166666666666666,0.9165217391304348,0.9583333333333331
outputs_smoke_enhanced_min,ai_subsource_attribution,ADM|BigGAN|VQDM|glide,lightgbm,0.875,0.870920745920746,
outputs_smoke_feature_profile_baseline,binary_ai_vs_nature,ai|nature,lightgbm,0.8958333333333334,0.8957881024750325,0.9618055555555556
outputs_smoke_feature_profile_baseline,ai_subsource_attribution,ADM|BigGAN|VQDM|glide,lightgbm,0.875,0.870920745920746,
outputs_smoke_feature_profile_enhanced,binary_ai_vs_nature,ai|nature,lightgbm,0.9166666666666666,0.9165217391304348,0.9548611111111112
outputs_smoke_feature_profile_enhanced,ai_subsource_attribution,ADM|BigGAN|VQDM|glide,lightgbm,0.875,0.870920745920746,
outputs_smoke_min,binary_ai_vs_nature,ai|nature,logreg,0.8333333333333334,0.8321678321678322,0.9097222222222222
outputs_smoke_min,binary_ai_vs_nature,ai|nature,random_forest,0.7916666666666666,0.791304347826087,0.861111111111111
outputs_smoke_min,binary_ai_vs_nature,ai|nature,lightgbm,0.75,0.75,0.8958333333333333
outputs_smoke_min,ai_subsource_attribution,ADM|BigGAN,logreg,1.0,1.0,1.0
outputs_smoke_min,ai_subsource_attribution,ADM|BigGAN,lightgbm,0.9166666666666666,0.916083916083916,1.0
outputs_smoke_min,ai_subsource_attribution,ADM|BigGAN,random_forest,0.9166666666666666,0.916083916083916,1.0
outputs_smoke_stable_freq_min,binary_ai_vs_nature,ai|nature,lightgbm,0.9166666666666666,0.9165217391304348,0.9722222222222222
outputs_smoke_stable_freq_min,ai_subsource_attribution,ADM|BigGAN|VQDM|glide,lightgbm,0.9166666666666666,0.9115384615384616,
outputs_v2_20pct_best,binary_ai_vs_nature,ai|nature,lightgbm,0.9910416666666668,0.9910416526692488,0.9995250868055556
outputs_v2_20pct_best,ai_subsource_attribution,ADM|BigGAN|VQDM|glide,lightgbm,0.9972916666666668,0.9972899840698772,
outputs_v2_20pct_best_mild_aug,binary_ai_vs_nature,ai|nature,lightgbm,0.9846875,0.9846865653421228,0.9986875434027778
outputs_v2_20pct_fusion_flat_seed123,binary_ai_vs_nature,ai|nature,lightgbm,0.9891666666666666,0.9891666549117348,0.9994598090277778
outputs_v2_20pct_fusion_flat_seed123,ai_subsource_attribution,ADM|BigGAN|VQDM|glide,lightgbm,0.9970833333333332,0.997080703185736,
outputs_v2_50pct_best,binary_ai_vs_nature,ai|nature,lightgbm,0.991125,0.9911249996148004,0.9995574097222224
outputs_v2_50pct_best,ai_subsource_attribution,ADM|BigGAN|VQDM|glide,lightgbm,0.9984166666666666,0.9984164142285988,
outputs_v2_5pct_block_dct_flat,binary_ai_vs_nature,ai|nature,lightgbm,0.93625,0.9362460043068672,0.9850909722222224
outputs_v2_5pct_block_dct_flat,ai_subsource_attribution,ADM|BigGAN|VQDM|glide,lightgbm,0.9766666666666668,0.9766393911492632,
outputs_v2_5pct_color_freq_flat,binary_ai_vs_nature,ai|nature,lightgbm,0.9833333333333332,0.9833333333333332,0.9983520833333334
outputs_v2_5pct_color_freq_flat,ai_subsource_attribution,ADM|BigGAN|VQDM|glide,lightgbm,0.9941666666666666,0.9941610740119337,
outputs_v2_5pct_fusion_freq_binary_expert_ensemble,binary_ai_vs_nature,ai|nature,lightgbm_binary_expert_ensemble,0.9925,0.9924999791666088,0.9993097222222224
outputs_v2_5pct_fusion_freq_binary_expert_ensemble,ai_subsource_attribution,ADM|BigGAN|VQDM|glide,lightgbm,0.9975,0.9974986064776106,
outputs_v2_5pct_fusion_freq_flat,binary_ai_vs_nature,ai|nature,lightgbm,0.9870833333333332,0.987083331090856,0.9989402777777776
outputs_v2_5pct_fusion_freq_flat,ai_subsource_attribution,ADM|BigGAN|VQDM|glide,lightgbm,0.9966666666666668,0.9966652731442772,
outputs_v2_5pct_fusion_freq_hierarchical_attribution,binary_ai_vs_nature,ai|nature,lightgbm,0.9875,0.9874998611095678,0.9989402777777776
outputs_v2_5pct_fusion_freq_pairwise_ovo_attribution,binary_ai_vs_nature,ai|nature,lightgbm,0.9870833333333332,0.987083331090856,0.9989402777777776
outputs_v2_5pct_fusion_freq_pairwise_ovo_attribution,ai_subsource_attribution,ADM|BigGAN|VQDM|glide,lightgbm_pairwise_ovo,0.9975,0.9974986064776106,
outputs_v2_5pct_multiscale_freq_flat,binary_ai_vs_nature,ai|nature,lightgbm,0.9204166666666668,0.9204033867456012,0.9757020833333332
outputs_v2_5pct_multiscale_freq_flat,ai_subsource_attribution,ADM|BigGAN|VQDM|glide,lightgbm,0.9016666666666666,0.900663155027844,
outputs_v2_5pct_residual_freq_flat,binary_ai_vs_nature,ai|nature,lightgbm,0.90875,0.9087499841579834,0.9680486111111112
outputs_v2_5pct_residual_freq_flat,ai_subsource_attribution,ADM|BigGAN|VQDM|glide,lightgbm,0.8958333333333334,0.8951162258650762,
outputs_v2_full_best,binary_ai_vs_nature,ai|nature,lightgbm,0.99125,0.9912499992556424,0.9996183090277778
outputs_v2_full_best,ai_subsource_attribution,ADM|BigGAN|VQDM|glide,lightgbm,0.9990833333333332,0.9990832351600708,
outputs_v2_model_smoke_binary_expert_ensemble,binary_ai_vs_nature,ai|nature,lightgbm_binary_expert_ensemble,0.9125,0.9125,0.9604513888888888
outputs_v2_model_smoke_binary_expert_ensemble,ai_subsource_attribution,ADM|BigGAN|VQDM|glide,lightgbm,0.8791666666666667,0.8759265428743431,
outputs_v2_model_smoke_hierarchical_attribution,binary_ai_vs_nature,ai|nature,lightgbm,0.8770833333333333,0.8770785317134784,0.9422222222222224
outputs_v2_model_smoke_hierarchical_attribution,ai_subsource_attribution,ADM|BigGAN|VQDM|glide,lightgbm_hierarchical,0.8833333333333333,0.880113527111119,
outputs_v2_model_smoke_pairwise_ovo_attribution,binary_ai_vs_nature,ai|nature,lightgbm,0.8791666666666667,0.8791141988710378,0.9422395833333332
outputs_v2_model_smoke_pairwise_ovo_attribution,ai_subsource_attribution,ADM|BigGAN|VQDM|glide,lightgbm_pairwise_ovo,0.8791666666666667,0.8765158714160931,
outputs_v2_smoke_block_dct,binary_ai_vs_nature,ai|nature,lightgbm,0.875,0.8741258741258742,0.965277777777778
outputs_v2_smoke_block_dct,ai_subsource_attribution,ADM|BigGAN|VQDM|glide,lightgbm,0.9583333333333334,0.958041958041958,
outputs_v2_smoke_color_freq,binary_ai_vs_nature,ai|nature,lightgbm,0.9583333333333334,0.9583333333333334,0.9965277777777776
outputs_v2_smoke_color_freq,ai_subsource_attribution,ADM|BigGAN|VQDM|glide,lightgbm,0.9166666666666666,0.9166666666666669,
outputs_v2_smoke_fusion_freq,binary_ai_vs_nature,ai|nature,lightgbm,0.9583333333333334,0.9583333333333334,0.9913194444444444
outputs_v2_smoke_fusion_freq,ai_subsource_attribution,ADM|BigGAN|VQDM|glide,lightgbm,1.0,1.0,
outputs_v2_smoke_multiscale_freq,binary_ai_vs_nature,ai|nature,lightgbm,0.8958333333333334,0.8954248366013071,0.9652777777777778
outputs_v2_smoke_multiscale_freq,ai_subsource_attribution,ADM|BigGAN|VQDM|glide,lightgbm,0.8333333333333334,0.8223276723276723,
outputs_v2_smoke_residual_freq,binary_ai_vs_nature,ai|nature,lightgbm,0.9166666666666666,0.9165217391304348,0.9739583333333334
outputs_v2_smoke_residual_freq,ai_subsource_attribution,ADM|BigGAN|VQDM|glide,lightgbm,0.8333333333333334,0.8057692307692308,
outputs_worker_fusion_mild_aug_20pct,binary_ai_vs_nature,ai|nature,lightgbm,0.9474342105263158,0.9474303057976012,0.98912101800554
outputs_worker_fusion_mild_aug_20pct,ai_subsource_attribution,ADM|BigGAN|VQDM|glide,lightgbm,0.9958333333333332,0.9958262726036256,
outputs_worker_stable_freq_20pct,binary_ai_vs_nature,ai|nature,lightgbm,0.8903125,0.8902672245140206,0.9559748263888888
outputs_worker_stable_freq_20pct,ai_subsource_attribution,ADM|BigGAN|VQDM|glide,lightgbm,0.888125,0.8878718053642719,
